[{"Distributor": "Ausgrid", "State": "NSW", "TOU": {"Peak": {"P1": {"Month": [1, 2, 3, 4, 5, 6, 7, 8, 9, 10, 11, 12], "Weekday": true, "Weekend": false, "TimeIntervals": {"T1": ["14:00", "20:00"]}}}, "Shoulder": {"S1": {"Month": [1, 2, 3, 4, 5, 6, 7, 8, 9, 10, 11, 12], "Weekday": true, "Weekend": false, "TimeIntervals": {"T1": ["07:00", "14:00"], "T2": ["20:00", "22:00"]}}, "S2": {"Month": [1, 2, 3, 4, 5, 6, 7, 8, 9, 10, 11, 12], "Weekday": false, "Weekend": true, "TimeIntervals": {"T1": ["07:00", "22:00"]}}}, "OffPeak": {"O1": {"Month": [1, 2, 3, 4, 5, 6, 7, 8, 9, 10, 11, 12], "Weekday": true, "Weekend": true, "TimeIntervals": {"T1": ["00:00", "07:00"], "T2": ["22:00", "24:00"]}}}}}, {"Distributor": "Evoenergy", "State": "ACT", "TOU": {"Peak": {"P1": {"Month": [1, 2, 3, 4, 5, 6, 7, 8, 9, 10, 11, 12], "Weekday": true, "Weekend": true, "TimeIntervals": {"T1": ["17:00", "20:00"], "T2": ["07:00", "09:00"]}}}, "Shoulder": {"S1": {"Month": [1, 2, 3, 4, 5, 6, 7, 8, 9, 10, 11, 12], "Weekday": true, "Weekend": true, "TimeIntervals": {"T1": ["09:00", "17:00"], "T2": ["20:00", "22:00"]}}}, "OffPeak": {"O1": {"Month": [1, 2, 3, 4, 5, 6, 7, 8, 9, 10, 11, 12], "Weekday": true, "Weekend": true, "TimeIntervals": {"T1": ["22:00", "07:00"]}}}}}, {"Distributor": "Energex", "State": "QLD", "TOU": {"Peak": {"P1": {"Month": [1, 2, 3, 4, 5, 6, 7, 8, 9, 10, 11, 12], "Weekday": true, "Weekend": false, "TimeIntervals": {"T1": ["16:00", "20:00"]}}}, "Shoulder": {"weekday": {"Month": [1, 2, 3, 4, 5, 6, 7, 8, 9, 10, 11, 12], "Weekday": true, "Weekend": false, "TimeIntervals": {"T1": ["07:00", "16:00"], "T2": ["20:00", "22:00"]}}, "weekends": {"Month": [1, 2, 3, 4, 5, 6, 7, 8, 9, 10, 11, 12], "Weekday": false, "Weekend": true, "TimeIntervals": {"T1": ["07:00", "22:00"]}}}, "OffPeak": {"weekdays": {"Month": [1, 2, 3, 4, 5, 6, 7, 8, 9, 10, 11, 12], "Weekday": true, "Weekend": false, "TimeIntervals": {"T1": ["22:00", "07:00"]}}, "weekends": {"Month": [1, 2, 3, 4, 5, 6, 7, 8, 9, 10, 11, 12], "Weekday": false, "Weekend": true, "TimeIntervals": {"T1": ["22:00", "07:00"]}}}}}, {"Distributor": "Citipower", "State": "VIC", "TOU": {"Peak": {"P1": {"Month": [1, 2, 3, 4, 5, 6, 7, 8, 9, 10, 11, 12], "Weekday": true, "Weekend": false, "TimeIntervals": {"T1": ["15:00", "21:00"]}}}, "Shoulder": {"weekday": {"Weekday": true, "Weekend": false, "TimeIntervals": {"T1": ["07:00", "15:00"], "T2": ["21:00", "22:00"]}}}, "OffPeak": {"weekdays": {"Month": [1, 2, 3, 4, 5, 6, 7, 8, 9, 10, 11, 12], "Weekday": true, "Weekend": false, "TimeIntervals": {"T1": ["22:00", "07:00"]}}, "weekends": {"Month": [1, 2, 3, 4, 5, 6, 7, 8, 9, 10, 11, 12], "Weekday": false, "Weekend": true, "TimeIntervals": {"T1": ["00: 00", "00: 00"]}}}}}, {"Distributor": "Jemena", "State": "VIC", "TOU": {"Peak": {"P1": {"Month": [1, 2, 3, 4, 5, 6, 7, 8, 9, 10, 11, 12], "Weekday": true, "Weekend": false, "TimeIntervals": {"T1": ["07:00", "23:00"]}}}, "OffPeak": {"O1": {"Month": [1, 2, 3, 4, 5, 6, 7, 8, 9, 10, 11, 12], "Weekday": true, "Weekend": false, "TimeIntervals": {"T1": ["23:00", "07:00"]}}, "O2": {"Month": [1, 2, 3, 4, 5, 6, 7, 8, 9, 10, 11, 12], "Weekday": false, "Weekend": true, "TimeIntervals": {"T1": ["00:00", "00:00"]}}}}}, {"Distributor": "PowerCor", "State": "VIC", "TOU": {"Peak": {"P1": {"Month": [1, 2, 3, 4, 5, 6, 7, 8, 9, 10, 11, 12], "Weekday": true, "Weekend": false, "TimeIntervals": {"T1": ["07:00", "23:00"]}}}, "OffPeak": {"O1": {"Month": [1, 2, 3, 4, 5, 6, 7, 8, 9, 10, 11, 12], "Weekday": true, "Weekend": false, "TimeIntervals": {"T1": ["23:00", "07:00"]}}, "O2": {"Month": [1, 2, 3, 4, 5, 6, 7, 8, 9, 10, 11, 12], "Weekday": false, "Weekend": true, "TimeIntervals": {"T1": ["00:00", "00:00"]}}}}}, {"Distributor": "Endeavour", "State": "NSW", "TOU": {"Peak": {"P1": {"Month": [1, 2, 3, 4, 5, 6, 7, 8, 9, 10, 11, 12], "Weekday": true, "Weekend": false, "TimeIntervals": {"T1": ["13:00", "20:00"]}}}, "Shoulder": {"S1": {"Month": [1, 2, 3, 4, 5, 6, 7, 8, 9, 10, 11, 12], "Weekday": true, "Weekend": false, "TimeIntervals": {"T1": ["07:00", "13:00"], "T2": ["20:00", "22:00"]}}, "S2": {"Month": [1, 2, 3, 4, 5, 6, 7, 8, 9, 10, 11, 12], "Weekday": false, "Weekend": true, "TimeIntervals": {"T1": ["07:00", "22:00"]}}}, "OffPeak": {"O1": {"Month": [1, 2, 3, 4, 5, 6, 7, 8, 9, 10, 11, 12], "Weekday": true, "Weekend": false, "TimeIntervals": {"T1": ["22:00", "07:00"]}}, "O2": {"Month": [1, 2, 3, 4, 5, 6, 7, 8, 9, 10, 11, 12], "Weekday": false, "Weekend": true, "TimeIntervals": {"T1": ["22:00", "07:00"]}}}}}]